{
  "beta": -0.00011617628206746916,
  "half_life": 5966.339843423474,
  "intercept": 0.0011632411898802875,
  "n": 2796,
  "r2": 1.880467645287709e-05
}
