{
  "baseline_mean": 0.0007050861164326892,
  "baseline_vol": 0.013286223159798577,
  "mean_shift_z": -0.06458687521611105,
  "n_baseline": 189.0,
  "n_recent": 63.0,
  "psi": 0.07573244396654469,
  "recent_mean": 8.92822842419595e-06,
  "recent_vol": 0.007472209055912868,
  "wasserstein": 0.0025714049612279573
}
