{
  "mean_betas": {
    "dd": -0.0007198553700913494,
    "intercept": 4.965273799624158e-05,
    "mom63": 0.00152806148249197,
    "risk": -0.0006322375310006488,
    "trend": 2.765378956099571e-06
  },
  "n_periods": 2732,
  "p_values": {
    "dd": 0.7278768662370867,
    "intercept": 0.8680921481462898,
    "mom63": 0.43976886131988385,
    "risk": 0.7949752429041321,
    "trend": 0.9362737058932676
  },
  "t_stats_nw": {
    "dd": -0.3479511555248704,
    "intercept": 0.16608234461441324,
    "mom63": 0.7725835865877572,
    "risk": -0.25985549388057866,
    "trend": 0.07995417046200805
  }
}
