{
  "bootstrap_ci_mean_return": {
    "hi": 0.000732019490291628,
    "lo": 5.8320570226639945e-05,
    "point": 0.000414121124511165
  },
  "deflated_sharpe": {
    "kurt": 16.669664649681984,
    "n": 2795.0,
    "n_trials": 13.0,
    "prob": 1.0,
    "sharpe": 0.7105287288858476,
    "skew": -0.6251407393973722,
    "sr_threshold": 0.028344556347856,
    "z": 19.493134399576068
  },
  "nw_p_value": 0.013701121927845896,
  "nw_se": 0.00016800009397215936,
  "nw_t_stat_mean": 2.4650053146981707
}
