{
  "bootstrap_ci_mean_return": {
    "hi": 0.000722421497250293,
    "lo": 0.00018238343804137568,
    "point": 0.0004738950779684322
  },
  "deflated_sharpe": {
    "kurt": 1.5151967370277513,
    "n": 364.0,
    "n_trials": 3.0,
    "prob": 1.0,
    "sharpe": 10.683672448904233,
    "skew": 0.061028441800368885,
    "sr_threshold": 0.0313256336769476,
    "z": 52.31681611918406
  },
  "nw_p_value": 9.537257827837744e-08,
  "nw_se": 8.882212605191248e-05,
  "nw_t_stat_mean": 5.335326894691332
}
