{
  "mode": "ensemble_engine",
  "rigor": {
    "cov_shrinkage": {
      "mu": 3.131281711114306e-05,
      "shrinkage": 0.005772685897690623
    },
    "deflated_sharpe": {
      "kurt": 41.407973732658746,
      "n": 1536.0,
      "n_trials": 3.0,
      "prob": 1.0,
      "sharpe": 0.5946570578189504,
      "skew": 0.36414768116222823,
      "sr_threshold": 0.015233475119457378,
      "z": 10.877314526545014
    },
    "drift": {
      "baseline_mean": -7.31586845232003e-05,
      "baseline_vol": 0.005516795104157591,
      "mean_shift_z": 0.24224816529971577,
      "n_baseline": 189.0,
      "n_recent": 63.0,
      "psi": 0.034162600631075686,
      "recent_mean": 0.0010018218900936986,
      "recent_vol": 0.002991337888016908,
      "wasserstein": 0.0013789147190620304
    },
    "mv_weights": {
      "ma_crossover": 0.4575406582404032,
      "momentum_accel": 0.5424593417595968,
      "ou_mean_reversion": 0.0
    },
    "pbo": {
      "n_splits": 252,
      "pbo": 0.20634920634920634
    },
    "rp_weights": {
      "ma_crossover": 0.3374120386443584,
      "momentum_accel": 0.45768264456876845,
      "ou_mean_reversion": 0.20490531678687304
    }
  },
  "strategies": {
    "ma_crossover": {
      "annualized_vol": 0.08494845951332441,
      "cagr": 0.05630197216344124,
      "calmar": 0.368550455000128,
      "hit_rate": 0.1771986970684039,
      "max_drawdown": -0.15276598196961033,
      "sharpe": 0.6890232963571516,
      "sortino": 0.9493790766119977,
      "total_return": 0.39712730733598844
    },
    "momentum_accel": {
      "annualized_vol": 0.05399750095629821,
      "cagr": 0.026873729334793817,
      "calmar": 0.4590424316527698,
      "hit_rate": 0.009771986970684038,
      "max_drawdown": -0.058543017990811186,
      "sharpe": 0.5183260956884342,
      "sortino": 1.159102407361437,
      "total_return": 0.1757533916249714
    },
    "ou_mean_reversion": {
      "annualized_vol": 0.11642993025778409,
      "cagr": 0.014335867561135807,
      "calmar": 0.06838260020167901,
      "hit_rate": 0.053420195439739415,
      "max_drawdown": -0.2096420364077325,
      "sharpe": 0.18008150959317581,
      "sortino": 0.2784517596945856,
      "total_return": 0.09079289602396501
    }
  },
  "strategy": {
    "annualized_vol": 0.07700673257522994,
    "cagr": 0.04366888491622278,
    "calmar": 0.3278305756709677,
    "hit_rate": 0.08273615635179153,
    "max_drawdown": -0.1332056499819948,
    "sharpe": 0.5948509975452835,
    "sortino": 0.8798108234712857,
    "total_return": 0.29817446645548107
  }
}
