{
  "mu": 0.00018896830222933327,
  "shrinkage": 0.02871572706558285
}
