{
  "baseline_mean": 0.0007050866579496386,
  "baseline_vol": 0.01328623589694213,
  "mean_shift_z": -0.06458687841667474,
  "n_baseline": 189.0,
  "n_recent": 63.0,
  "psi": 0.07573244396654469,
  "recent_mean": 8.928228424338194e-06,
  "recent_vol": 0.007472209055906548,
  "wasserstein": 0.0025714124296361512
}
