{
  "mean_betas": {
    "dd": -0.0007198366740228799,
    "intercept": 4.965457384016367e-05,
    "mom63": 0.0015280766687492176,
    "risk": -0.0006322395459448013,
    "trend": 2.763522788140094e-06
  },
  "n_periods": 2732,
  "p_values": {
    "dd": 0.7278822696004583,
    "intercept": 0.8680874211917646,
    "mom63": 0.4397629174527099,
    "risk": 0.7949749518796597,
    "trend": 0.9363150564200184
  },
  "t_stats_nw": {
    "dd": -0.34794396081000095,
    "intercept": 0.16608835124919688,
    "mom63": 0.7725936267963593,
    "risk": -0.25985587115061265,
    "trend": 0.07990217945457964
  }
}
