{
  "asof": "2026-02-17",
  "count_pass_fdr": 1,
  "count_picks": 5,
  "count_picks_pass_fdr": 1,
  "features_count": 13,
  "mode": "morning_signal_engine",
  "notes": {
    "portfolio": [
      "corr_cap: dropped 1 tickers with corr_to_spy>0.95"
    ]
  },
  "portfolio": {
    "cash_weight": 0.052695868286997016,
    "concentration_hhi": 0.19308114464035497,
    "portfolio_vol": 0.13978283750413967,
    "weights": {
      "CASH": 0.052695868286997016,
      "GLD": 0.10420057752644037,
      "IWM": 0.18957143446995614,
      "XLE": 0.16736424526208193,
      "XLI": 0.23616787445452458,
      "XLP": 0.25
    }
  },
  "regime": {
    "confidence": 0.6537509107424475,
    "label": "risk_on",
    "method": "proxy"
  },
  "rigor": {
    "errors": [],
    "summary": {
      "factor_premia_n_periods": 2732,
      "ic_mean_mom63": 0.009414968394878688,
      "ic_mean_score": 0.007856406103604968
    }
  },
  "risk_actions": [
    "cap_weight: XLP clipped to 0.25"
  ],
  "universe_size": 13
}
