{
  "beta": -0.00011617628206811448,
  "half_life": 5966.339843390333,
  "intercept": 0.0011632411898841039,
  "n": 2796,
  "r2": 1.880467645287709e-05
}
