{
  "bootstrap_ci_mean_return": {
    "hi": 0.0007320199219031897,
    "lo": 5.832107828683153e-05,
    "point": 0.00041412121150001465
  },
  "deflated_sharpe": {
    "kurt": 16.669642654550202,
    "n": 2795.0,
    "n_trials": 13.0,
    "prob": 1.0,
    "sharpe": 0.7105287687430734,
    "skew": -0.6251413733469096,
    "sr_threshold": 0.028344556347856,
    "z": 19.493141459612005
  },
  "nw_p_value": 0.013701103249837024,
  "nw_se": 0.0001680000959709235,
  "nw_t_stat_mean": 2.4650058031614956
}
