{
  "benchmark": {
    "annualized_vol": 0.2061083427066239,
    "cagr": 0.14656844448721063,
    "calmar": 0.43469848806232875,
    "hit_rate": 0.55078125,
    "max_drawdown": -0.3371726576288323,
    "sharpe": 0.7691447019948906,
    "sortino": 1.085723523517003,
    "ticker": "SPY",
    "total_return": 1.3075386543160015
  },
  "mode": "walkforward",
  "rigor": {
    "deflated_sharpe": {
      "kurt": 658.1762208602848,
      "n": 1536.0,
      "n_trials": 25.0,
      "prob": 0.9989347618156064,
      "sharpe": 0.5181571624517362,
      "skew": 17.097359653215836,
      "sr_threshold": 0.046150448944398174,
      "z": 3.0714138457833955
    }
  },
  "strategy": {
    "annualized_vol": 0.05397993951636499,
    "cagr": 0.026837144716357786,
    "calmar": 0.4584175130938774,
    "hit_rate": 0.009765625,
    "max_drawdown": -0.058543017990811186,
    "sharpe": 0.5181571624517362,
    "sortino": 1.1587250339484205,
    "total_return": 0.1757533916249714
  },
  "walkforward": {
    "num_windows": 13
  }
}
