{
  "benchmark": {
    "annualized_vol": 0.2061083427066239,
    "cagr": 0.14656844448721063,
    "calmar": 0.43469848806232875,
    "hit_rate": 0.55078125,
    "max_drawdown": -0.3371726576288323,
    "sharpe": 0.7691447019948906,
    "sortino": 1.085723523517003,
    "ticker": "SPY",
    "total_return": 1.3075386543160015
  },
  "mode": "walkforward",
  "rigor": {
    "deflated_sharpe": {
      "kurt": 64.22272081572441,
      "n": 1536.0,
      "n_trials": 25.0,
      "prob": 0.9999998847608798,
      "sharpe": 0.18002287222467186,
      "skew": 2.68948039225142,
      "sr_threshold": 0.046150448944398174,
      "z": 5.172908219443086
    }
  },
  "strategy": {
    "annualized_vol": 0.11639202859490373,
    "cagr": 0.014316470336991571,
    "calmar": 0.06829007474983464,
    "hit_rate": 0.053385416666666664,
    "max_drawdown": -0.20964203640773194,
    "sharpe": 0.18002287222467186,
    "sortino": 0.2783611030880173,
    "total_return": 0.09079289602396523
  },
  "walkforward": {
    "num_windows": 13
  }
}
