{
  "mean_betas": {
    "dd": -0.0007198366737996091,
    "intercept": 4.96545738173157e-05,
    "mom63": 0.001528076668801525,
    "risk": -0.0006322395461013161,
    "trend": 2.763522783801576e-06
  },
  "n_periods": 2732,
  "p_values": {
    "dd": 0.7278822696824402,
    "intercept": 0.8680874212526601,
    "mom63": 0.43976291743957596,
    "risk": 0.7949749518307238,
    "trend": 0.9363150565198348
  },
  "t_stats_nw": {
    "dd": -0.34794396070084016,
    "intercept": 0.16608835117181572,
    "mom63": 0.7725936268185449,
    "risk": -0.2598558712140509,
    "trend": 0.0799021793290785
  }
}
