{
  "bootstrap_ci_mean_return": {
    "hi": 0.0007637952430330293,
    "lo": 5.591496705455472e-05,
    "point": 0.0004315965206662317
  },
  "deflated_sharpe": {
    "kurt": 16.971110428988023,
    "n": 2795.0,
    "n_trials": 13.0,
    "prob": 1.0,
    "sharpe": 0.7077043336177171,
    "skew": -0.6220939934024525,
    "sr_threshold": 0.028344556347856,
    "z": 19.361203839827358
  },
  "nw_p_value": 0.014162055458447273,
  "nw_se": 0.00017593733286959583,
  "nw_t_stat_mean": 2.4531264264766914
}
