{
  "mu": 0.00018896827838599028,
  "shrinkage": 0.02871571349901342
}
