{
  "beta": -0.00011617637059827338,
  "half_life": 5966.335296846043,
  "intercept": 0.0011632417301112724,
  "n": 2796,
  "r2": 1.880470591364425e-05
}
