{
  "mu": 0.00018896830222898196,
  "shrinkage": 0.028715727065808813
}
