{
  "bootstrap_ci_mean_return": {
    "hi": 0.0007224215053203475,
    "lo": 0.00018238344789819812,
    "point": 0.0004738950779687235
  },
  "deflated_sharpe": {
    "kurt": 1.5151967781375915,
    "n": 364.0,
    "n_trials": 3.0,
    "prob": 1.0,
    "sharpe": 10.68367244261766,
    "skew": 0.061028459159253985,
    "sr_threshold": 0.0313256336769476,
    "z": 52.3168144010433
  },
  "nw_p_value": 9.537258089762535e-08,
  "nw_se": 8.882212613492305e-05,
  "nw_t_stat_mean": 5.335326889708369
}
