{
  "bootstrap_ci_mean_return": {
    "hi": 0.00038138097001284984,
    "lo": 9.680884752022049e-05,
    "point": 0.00024705573463771236
  },
  "deflated_sharpe": {
    "kurt": 1.5194377565954538,
    "n": 364.0,
    "n_trials": 3.0,
    "prob": 1.0,
    "sharpe": 10.668876209356672,
    "skew": 0.06022210159465721,
    "sr_threshold": 0.0313256336769476,
    "z": 52.08949091869468
  },
  "nw_p_value": 1.0012965175569156e-07,
  "nw_se": 4.638247836209016e-05,
  "nw_t_stat_mean": 5.326488436194446
}
