{
  "bootstrap_ci_mean_return": {
    "hi": 0.0005564825237171501,
    "lo": 0.0001408423895106878,
    "point": 0.00036279275476498686
  },
  "deflated_sharpe": {
    "kurt": 1.516151686224178,
    "n": 364.0,
    "n_trials": 3.0,
    "prob": 1.0,
    "sharpe": 10.677615825798341,
    "skew": 0.06007969885424315,
    "sr_threshold": 0.0313256336769476,
    "z": 52.250531779262815
  },
  "nw_p_value": 9.73683376032694e-08,
  "nw_se": 6.804616456703476e-05,
  "nw_t_stat_mean": 5.331568018173699
}
